epoch,train_loss,train_acc,test_acc,test_loss
1,1.552220,49.93,88.47,0.366288
2,0.762233,76.43,95.20,0.165556
3,0.428809,86.55,96.87,0.094872
4,0.322608,89.99,97.62,0.070503
5,0.273662,91.54,98.33,0.053824
6,0.238046,92.69,98.20,0.047777
7,0.215697,93.29,98.35,0.045153
8,0.196376,93.81,98.64,0.038336
9,0.188901,94.19,98.78,0.035553
10,0.182308,94.33,98.77,0.035456
