epoch,train_loss,train_acc,test_acc,test_loss
1,1.550821,50.20,89.05,0.357904
2,0.769691,76.00,94.72,0.180355
3,0.442866,86.22,96.71,0.104512
4,0.324361,89.86,97.82,0.064860
5,0.271429,91.52,97.90,0.060169
6,0.240291,92.60,98.47,0.049070
7,0.220447,93.10,98.46,0.043952
8,0.194690,93.90,98.64,0.039782
9,0.186335,94.18,98.71,0.037151
10,0.182640,94.30,98.76,0.036262
